image_name,cheeklines
3a9c9390-d9a2-42fe-b80d-64ccafc03d61U84l2rwsRBQifDiR.png,False
3bf11760-56b7-42fd-8151-0777031879e7VokrUA_udjAtJfIz.png,False
3aeb398a-f1c1-469e-9867-c4afde25f101WTmfeWEz4T0QeXga.png,True
3bf4e71e-f3c6-4122-a7dd-c53d9ae5f53eUrRFtrwsRFoL8cQO.png,True
3c401c12-f3c1-49c1-bb4e-d98e974395dfVvy70OX1BkqBOWZB.png,True
3c039f67-d3b0-4eac-b55b-2028d2448f53WRxmM7EWpjqOdh4q.png,True
3b42c878-e7d5-493a-984b-c1707c1a540bUnYw2bwsRDDnlP4q.png,False
3b2c3dc2-54e2-4f1b-bf34-2e5e63dc0e19U8zJ17kTDCo7uvcp.png,False
3b014afe-0b58-48bd-ac05-914ba8154388VWL7KBQ1GDoG8j54.png,True
3c196c12-e922-4104-8b6a-794143e5f97eUoSJ_rkTDEYaNV7D.png,True
3ba6c0cf-e56a-4bbf-8a12-d139dfe18cfeWBLcCY0jkEkHeLVl.png,False
3b0d39c9-3eb3-4fa9-9238-d085dd2a5b6dVtiG0GxSUEvN8tfl.png,True
3b280d91-ac67-40ca-bb29-e9b46d0bdb79U8pi07wsRH8E5bSe.png,True
3be2ee48-341b-414c-bed2-f477223afb9aVAr1ZdaQwThPgU-b.png,True
3ade0bb7-f68e-440c-828a-86ee43a5e3e8VjtiRmxSUB3S72vt.png,True
3afe721f-2e3d-4867-b461-28699eaabfd7UUnhInfodDKH2QwI.png,True
3c1cafd1-d3fd-4740-bf1a-cdb7c072e229VoJ3tw_udjAwqcKN.png,False
3ab5f86c-7d91-49c1-85ac-f2464a3ffbfcVQFTJe1NjnfWA4Xu.png,True
3afe01e9-e6be-4338-8f43-0fd7e89d4824VdvySU7sU3zNLeOm.png,False
3aa12375-55b6-45e7-88a2-94a1a20f4694V4dpJtFH7Huyn_Nv.png,False
3b5d9f0e-6d93-4cbe-b28b-6cd4aba15119UxWuttaQwQaLZhM_.png,True
3bad58b1-ca1e-4935-a556-598da2c47302UR0XsCo2N0aSbYkE.png,True
3bb7b4f0-e47b-4b3e-b273-7120810ff558VToahJ3KYn0SZrqW.png,True
3b4fa150-245b-466b-b5e3-ba228ee2021cWBTXvZ3KYndwiy7F.png,True
3c26a942-08f9-437f-8545-0e2155128b29We8D-tQbZA_AaNCb.png,False
3bf16027-5a1e-41c7-aef6-07d11b60b4a7WgRhKEDBKxB2pEwq.png,True
3afd6c5e-98f2-4198-b01d-396cea09e33dV7Kdo2SBJ3U4iXl6.png,True
3b65d8a0-ab47-4fbe-8459-c2e2b1bf2961V5uWsDELxkhqBmnt.png,True
3a9dcb78-03d1-4630-80dd-40d3904c66f1U8p9JrkTDCIyej3d.png,False
3bd580f9-e367-4384-8518-3a7c2fff6c94VTNbX5krTAgAm2Rc.png,False
3aec77f1-778c-46bf-8eeb-4dcfdedb4a4eVgepDlONuGT72qg8.png,True
3ba71153-8777-498e-beca-efdcf443f3faWGcwQ7q9v_cDAUnC.png,False
3aadf3ef-ba66-4184-bb96-4cf77af5dd49Uo8YTbkTDFshDeFM.png,True
3bb49d9f-828d-4702-ab56-9c7699f89a01UvowybkTDCaFkTGR.png,True
3afa7861-1e26-4ddd-8c3c-7c83a99d0dd3VkNWmGxSUGFhh3n1.png,False
3c264c45-66ae-4f6f-b956-21cbc02f2080UsZ1krwsRGCmauv8.png,True
3b0b4b97-a14a-4d4f-809f-2c30f03cc7f0UynVc7kTDB-2GRtf.png,False
3aa31e41-9939-40bd-88cc-fbf86e6acbdeVYVgzBQ1GD85_RFS.png,True
3bc738f2-47ca-4edf-84df-e8eaa9e28b94VCgF2WSBJ0p5aJw3.png,True
3a9c7d4b-a7fa-4231-b47b-05e6075783ffVXA8gbieoRgEtcLQ.png,True
3c3968fd-203d-4396-ae1d-46408eea3d98VsXyXLwsRFYYSgN-.png,True
3acd4ff9-c9d5-46a1-b6b2-de5807ef327fV34MAmxSUI3SiGg5.png,False
3ba99b6d-bf8f-4e9f-9ce2-ed7a009c3d01WdcoxkKdkg_mmevu.png,False
3ac34b48-ff35-4f2f-872f-ae2f33ac630fU_t4wtaQwRU9TOCv.png,True
3c248124-49ba-4d41-8ab4-0300ded230eeU0PL0taQwRI4Bmnh.png,True
3c24725f-24f1-4982-82dc-3234fad4cef7VNzNA7wsRGAwLqhj.png,True
3a9d0806-d49d-4542-9ba6-aa25f8f387c1Vi8CAmxSUEr2GssU.png,False
3c1bbe47-1234-4b5c-bd04-71d9c5abac5dVOQQgLwsRD5S6LND.png,True
3c2efbc7-8562-40a0-a400-b30ac12c0d78WTaUGWEz4T0Qw4e1.png,True
3abdb7a6-1329-4072-8b5d-03ecda0c70bfUxL07rkTDHfDM27G.png,True
3ac55316-a54f-4118-8a83-261bce3830d0U-rx-rwsRARTS_KA.png,True
3c240fc2-0df6-40bb-aa42-4e8a58e24eb5VeLpzwTnb1HAIjlt.png,False
3ad8b4e5-5fbc-4597-9e3b-1cfb1f00386eVjo0RuX1BlZcET7j.png,False
3ba8cecd-935e-4a83-b025-5045bc1c5bb9VRfoaBQ1GBtRpRbn.png,True
3c03c810-0acb-4f58-a7b2-93a429f5c4e9WUdVgjELxhSc7xVl.png,True
3aa69b5c-bb00-4321-aec2-7bcee6e988d5WFJOzNFH7DqvB7ks.png,True
3b9f0495-4aae-4882-be8b-9a60b0a32deaV5o--TELxjx7jlbV.png,False
3adaa22e-0d6a-46e4-b645-f3d5a3896e33U98w_daQwUFY-zQU.png,True
3b79e4b5-14b7-4cd0-bf13-8f1f25dd0f4cVMM9ztaQwVSFOYRv.png,True
3c3a4489-4881-410f-8bcf-36e5927a0ce8U-hS_mSBJ0ex2DDX.png,True
3ac53184-4fac-4fc3-be87-8a861bd2389fVtwvLmxSUEvP9j3Z.png,True
3c1bd401-df43-40a6-b6de-6ff10e8fe66aVkavwmSBJzXDfTuN.png,False
3b4f1d82-642f-4ed6-8eda-1a3715bf27d8U70Kn7wsRAJrC6mb.png,True
3be2ba0d-49e3-477f-b095-1f47ca0adb8dWs3St8dBoQ_6bBVT.png,False
3ac91554-8000-4c50-8146-6ba50a8bfd5bU8-WVbwsRFdOA378.png,True
3bab1875-75cb-4c6a-9c39-94a355f8f13bWqTu1DxxIV8mY8YK.png,True
3af2cd30-430b-4a5e-81fc-2a7336e89a01Vkbdf4RXrxhWu7m1.png,False
3b0aa2b7-0140-4aee-b50b-03956aa56204WN6Dz2SBJ_jWw_ZH.png,True
3ab61923-f486-404c-97b5-b46523fa466bVj6z3VONuG0a4Bc8.png,False
3c3e1290-6031-4195-b2f6-2e4839ffbb04VfihtlONuBo7b2SS.png,True
3a9cee13-dd63-4288-81a1-e880a11a04c0VddHW4RXr2zDgCfP.png,True
3b207661-7013-42a8-a071-d5462c3c9188U58Y9bkTDBgADXYh.png,True
3c346e72-6ec5-467e-84e0-7e10efb4b57bVB035NaQwQt8CQS0.png,True
3b29f9de-3211-483f-ac3e-e2cc29951743VjBa_YRXr2ZgHhSm.png,True
3aea9dc1-c920-462a-a0ca-00f344824f15VHtTyLkTDCGId4RS.png,True
3c23d8cb-c636-4970-b0bf-ccb827ea19c7WTfZIO758TecHvl7.png,False
3c13057d-9a33-4ed2-b954-fb510eed7527UzZgxLkTDDJ2nwTz.png,True
3c251e24-e0af-471c-a514-28f12263b061VSAYQBQ1GFFiRC5z.png,True
3ba2287b-88ab-4cb9-86aa-240f99a94a44UhdrN7wsRDuKNDvy.png,True
3ab06171-a948-43ff-ace5-2701782081ddU9sT5mSBJ3ksSn4h.png,True
3aed9b08-b0d6-4372-8ada-efcdc5a4b992VHRYrdaQwV3w8WWE.png,True
3b463949-4e58-47a4-aacb-bdf2f43a768bU8ZUwdaQwX7n49_W.png,False
3bf4babb-5b12-4d2c-8ae1-db8a6d0d216cVUGCLO1NjmMGmtGI.png,True
3bcc8da3-a43b-4728-83ee-72ccc120f2f1V87GStFH7HZH1QI7.png,True
3bbd0552-ca20-4a0b-ad3a-d61d236d2ee0VvZuQlYy0DqJPBNi.png,True
3a9ebf97-444b-4cc1-901f-3f29ffacfe29V1zuQ2xSUDhfLhh7.png,True
3c09a4d3-bd4e-44b2-bd2b-910d2d79b4caXCUMYM84dBMRpdKc.png,True
3b107ccb-8cb7-4057-a14e-28423adca35fV5V8-GSBJ45Pcm6s.png,True
3ba48e23-0848-4d8f-892a-c74653d71713VhEv_07sU29u8G9a.png,True
3c0a8f39-f25b-4a9f-a4ae-98bb5412d0d1WiJ3f1PZaQvWUgAi.png,True
3bb10bf2-67bd-43bb-a9ae-c4b2142bb6f8Wkd_WXLQ5Q_5MP7t.png,False
3b54bc90-92b6-42a8-bad8-f2a95062563eU7_wC7wsRE_jT3T6.png,True
3c3d5562-ea7f-4182-bab2-073453a96225U_MgTrwsRHZqlYzw.png,True
3afc26a6-bbc5-4107-a8f3-5d025aae4099V0UvFbwsRBJnIvdY.png,True
3bac5652-8139-441e-b0a4-d4586a6e1789WpIfwHFwZRAJRKv_.png,False
3c1f7c2b-8e0a-4841-a93f-2a2e1c7e8539U-3Zd7kTDBgyZeFu.png,True
3c19d4bf-3229-4f83-859c-3646cbd9b635V6SQe7EWpos3xxAK.png,True
3b72b2e2-0c83-41a8-845c-1ef874c8ecfbUSUj4FYzZWfT-5-L.png,True
3bc7c1ae-65ae-419c-b48b-24bbcb7ab843XMx7nP7_p1Gkr3PO.png,True
3b09297d-571f-4570-bb53-ead3fe8cb41bVBCHFtaQwVcLjAey.png,True
3be515c3-45fd-4d2c-81dd-c819eaeaeb6bU9CYWLwsRFdIMjEb.png,True
3b221f4a-f2ff-44c5-ba14-2cae351e2fabWaRBM9SP3hBLAEAm.png,False
3be40083-f584-43ea-bc07-7331caa0d255VCqzfmSBJzPYfjGa.png,True
3b848c3a-b03f-4766-9ba2-17c9b116c2c8VK9wXbkTDHach41f.png,True
3b359ca4-666f-40f2-839b-b863646e9631WJ81_3Z3SlPmYOsP.png,True
3ba38d93-1b48-432a-8857-221a1517c49bVDE1NGSBJyPLBRkc.png,False
3abf3632-bd07-4e3f-bc82-46cc0e1f8317Vy9loLwsRBSjeeUu.png,True
3abd09bb-8f2c-46ed-9631-37d76c62a40cWihUyT_lmktLyRf5.png,False
3b17e039-c47c-4ee3-a6e7-da605f2f401fXAofpnQE0UkqDCoK.png,False
3b0062d4-7e25-47a8-9ea7-d7d853a44facVOroprwsRExXJugt.png,False
3c1e3d13-f5be-445e-837f-88002848822eWRAID9FH7GGvykJS.png,True
