,image_name,lip_color
0,3a9c9390-d9a2-42fe-b80d-64ccafc03d61U84l2rwsRBQifDiR.png,#B45171
1,3bf11760-56b7-42fd-8151-0777031879e7VokrUA_udjAtJfIz.png,#B72438
2,3aeb398a-f1c1-469e-9867-c4afde25f101WTmfeWEz4T0QeXga.png,#B45171
3,3bf4e71e-f3c6-4122-a7dd-c53d9ae5f53eUrRFtrwsRFoL8cQO.png,#BC5C80
4,3c401c12-f3c1-49c1-bb4e-d98e974395dfVvy70OX1BkqBOWZB.png,#B72438
5,3c039f67-d3b0-4eac-b55b-2028d2448f53WRxmM7EWpjqOdh4q.png,#C65067
6,3b42c878-e7d5-493a-984b-c1707c1a540bUnYw2bwsRDDnlP4q.png,#B45171
7,3b2c3dc2-54e2-4f1b-bf34-2e5e63dc0e19U8zJ17kTDCo7uvcp.png,default
8,3b014afe-0b58-48bd-ac05-914ba8154388VWL7KBQ1GDoG8j54.png,default
9,3c196c12-e922-4104-8b6a-794143e5f97eUoSJ_rkTDEYaNV7D.png,default
10,3ba6c0cf-e56a-4bbf-8a12-d139dfe18cfeWBLcCY0jkEkHeLVl.png,#F08080
11,3b0d39c9-3eb3-4fa9-9238-d085dd2a5b6dVtiG0GxSUEvN8tfl.png,#B72438
12,3b280d91-ac67-40ca-bb29-e9b46d0bdb79U8pi07wsRH8E5bSe.png,#B45171
13,3be2ee48-341b-414c-bed2-f477223afb9aVAr1ZdaQwThPgU-b.png,#FF94A7
14,3ade0bb7-f68e-440c-828a-86ee43a5e3e8VjtiRmxSUB3S72vt.png,#BC5C80
15,3afe721f-2e3d-4867-b461-28699eaabfd7UUnhInfodDKH2QwI.png,default
16,3c1cafd1-d3fd-4740-bf1a-cdb7c072e229VoJ3tw_udjAwqcKN.png,#E267B9
18,3ab5f86c-7d91-49c1-85ac-f2464a3ffbfcVQFTJe1NjnfWA4Xu.png,#BC5C80
19,3afe01e9-e6be-4338-8f43-0fd7e89d4824VdvySU7sU3zNLeOm.png,#B72438
20,3aa12375-55b6-45e7-88a2-94a1a20f4694V4dpJtFH7Huyn_Nv.png,#FF94A7
21,3b5d9f0e-6d93-4cbe-b28b-6cd4aba15119UxWuttaQwQaLZhM_.png,#B45171
22,3bad58b1-ca1e-4935-a556-598da2c47302UR0XsCo2N0aSbYkE.png,#DB7093
23,3bb7b4f0-e47b-4b3e-b273-7120810ff558VToahJ3KYn0SZrqW.png,#C86C81
24,3b4fa150-245b-466b-b5e3-ba228ee2021cWBTXvZ3KYndwiy7F.png,#B72438
25,3c26a942-08f9-437f-8545-0e2155128b29We8D-tQbZA_AaNCb.png,#B45171
26,3bf16027-5a1e-41c7-aef6-07d11b60b4a7WgRhKEDBKxB2pEwq.png,#FF94A7
27,3afd6c5e-98f2-4198-b01d-396cea09e33dV7Kdo2SBJ3U4iXl6.png,#B72438
28,3b65d8a0-ab47-4fbe-8459-c2e2b1bf2961V5uWsDELxkhqBmnt.png,#B45171
29,3a9dcb78-03d1-4630-80dd-40d3904c66f1U8p9JrkTDCIyej3d.png,#BC5C80
30,3bd580f9-e367-4384-8518-3a7c2fff6c94VTNbX5krTAgAm2Rc.png,#FF94A7
31,3aec77f1-778c-46bf-8eeb-4dcfdedb4a4eVgepDlONuGT72qg8.png,default
32,3ba71153-8777-498e-beca-efdcf443f3faWGcwQ7q9v_cDAUnC.png,#E05F8C
33,3aadf3ef-ba66-4184-bb96-4cf77af5dd49Uo8YTbkTDFshDeFM.png,#cb4154
34,3bb49d9f-828d-4702-ab56-9c7699f89a01UvowybkTDCaFkTGR.png,#C86C81
35,3afa7861-1e26-4ddd-8c3c-7c83a99d0dd3VkNWmGxSUGFhh3n1.png,default
36,3c264c45-66ae-4f6f-b956-21cbc02f2080UsZ1krwsRGCmauv8.png,#B45171
37,3b0b4b97-a14a-4d4f-809f-2c30f03cc7f0UynVc7kTDB-2GRtf.png,default
38,3aa31e41-9939-40bd-88cc-fbf86e6acbdeVYVgzBQ1GD85_RFS.png,#BC5C80
39,3bc738f2-47ca-4edf-84df-e8eaa9e28b94VCgF2WSBJ0p5aJw3.png,#B45171
40,3a9c7d4b-a7fa-4231-b47b-05e6075783ffVXA8gbieoRgEtcLQ.png,#F08080
41,3c3968fd-203d-4396-ae1d-46408eea3d98VsXyXLwsRFYYSgN-.png,#BC5C80
42,3acd4ff9-c9d5-46a1-b6b2-de5807ef327fV34MAmxSUI3SiGg5.png,#B45171
43,3ba99b6d-bf8f-4e9f-9ce2-ed7a009c3d01WdcoxkKdkg_mmevu.png,#C65067
44,3ac34b48-ff35-4f2f-872f-ae2f33ac630fU_t4wtaQwRU9TOCv.png,#B72438
45,3c248124-49ba-4d41-8ab4-0300ded230eeU0PL0taQwRI4Bmnh.png,default
46,3c24725f-24f1-4982-82dc-3234fad4cef7VNzNA7wsRGAwLqhj.png,#B72438
47,3a9d0806-d49d-4542-9ba6-aa25f8f387c1Vi8CAmxSUEr2GssU.png,#B45171
48,3c1bbe47-1234-4b5c-bd04-71d9c5abac5dVOQQgLwsRD5S6LND.png,#B45171
49,3c2efbc7-8562-40a0-a400-b30ac12c0d78WTaUGWEz4T0Qw4e1.png,#F08080
50,3abdb7a6-1329-4072-8b5d-03ecda0c70bfUxL07rkTDHfDM27G.png,#B45171
51,3ac55316-a54f-4118-8a83-261bce3830d0U-rx-rwsRARTS_KA.png,#BC5C80
52,3c240fc2-0df6-40bb-aa42-4e8a58e24eb5VeLpzwTnb1HAIjlt.png,#B45171
53,3ad8b4e5-5fbc-4597-9e3b-1cfb1f00386eVjo0RuX1BlZcET7j.png,#B45171
54,3ba8cecd-935e-4a83-b025-5045bc1c5bb9VRfoaBQ1GBtRpRbn.png,#B45171
55,3c03c810-0acb-4f58-a7b2-93a429f5c4e9WUdVgjELxhSc7xVl.png,#B45171
56,3aa69b5c-bb00-4321-aec2-7bcee6e988d5WFJOzNFH7DqvB7ks.png,#C86C81
57,3b9f0495-4aae-4882-be8b-9a60b0a32deaV5o--TELxjx7jlbV.png,#DB7093
58,3adaa22e-0d6a-46e4-b645-f3d5a3896e33U98w_daQwUFY-zQU.png,#B45171
59,3b79e4b5-14b7-4cd0-bf13-8f1f25dd0f4cVMM9ztaQwVSFOYRv.png,#B72438
60,3c3a4489-4881-410f-8bcf-36e5927a0ce8U-hS_mSBJ0ex2DDX.png,#B72438
61,3ac53184-4fac-4fc3-be87-8a861bd2389fVtwvLmxSUEvP9j3Z.png,#C86C81
62,3c1bd401-df43-40a6-b6de-6ff10e8fe66aVkavwmSBJzXDfTuN.png,#B45171
63,3b4f1d82-642f-4ed6-8eda-1a3715bf27d8U70Kn7wsRAJrC6mb.png,#B72438
64,3be2ba0d-49e3-477f-b095-1f47ca0adb8dWs3St8dBoQ_6bBVT.png,#DB7093
65,3ac91554-8000-4c50-8146-6ba50a8bfd5bU8-WVbwsRFdOA378.png,#B72438
66,3bab1875-75cb-4c6a-9c39-94a355f8f13bWqTu1DxxIV8mY8YK.png,#BC5C80
67,3af2cd30-430b-4a5e-81fc-2a7336e89a01Vkbdf4RXrxhWu7m1.png,#C86C81
68,3b0aa2b7-0140-4aee-b50b-03956aa56204WN6Dz2SBJ_jWw_ZH.png,#FF94A7
69,3ab61923-f486-404c-97b5-b46523fa466bVj6z3VONuG0a4Bc8.png,default
70,3c3e1290-6031-4195-b2f6-2e4839ffbb04VfihtlONuBo7b2SS.png,#DB7093
71,3a9cee13-dd63-4288-81a1-e880a11a04c0VddHW4RXr2zDgCfP.png,#cb4154
72,3b207661-7013-42a8-a071-d5462c3c9188U58Y9bkTDBgADXYh.png,#B45171
73,3c346e72-6ec5-467e-84e0-7e10efb4b57bVB035NaQwQt8CQS0.png,#B45171
74,3b29f9de-3211-483f-ac3e-e2cc29951743VjBa_YRXr2ZgHhSm.png,#cb4154
75,3aea9dc1-c920-462a-a0ca-00f344824f15VHtTyLkTDCGId4RS.png,#B45171
76,3c23d8cb-c636-4970-b0bf-ccb827ea19c7WTfZIO758TecHvl7.png,#B45171
77,3c13057d-9a33-4ed2-b954-fb510eed7527UzZgxLkTDDJ2nwTz.png,#B45171
78,3c251e24-e0af-471c-a514-28f12263b061VSAYQBQ1GFFiRC5z.png,#B45171
79,3ba2287b-88ab-4cb9-86aa-240f99a94a44UhdrN7wsRDuKNDvy.png,default
80,3ab06171-a948-43ff-ace5-2701782081ddU9sT5mSBJ3ksSn4h.png,#B45171
81,3aed9b08-b0d6-4372-8ada-efcdc5a4b992VHRYrdaQwV3w8WWE.png,#B72438
82,3b463949-4e58-47a4-aacb-bdf2f43a768bU8ZUwdaQwX7n49_W.png,#FF94A7
83,3bf4babb-5b12-4d2c-8ae1-db8a6d0d216cVUGCLO1NjmMGmtGI.png,#B72438
84,3bcc8da3-a43b-4728-83ee-72ccc120f2f1V87GStFH7HZH1QI7.png,#B45171
85,3bbd0552-ca20-4a0b-ad3a-d61d236d2ee0VvZuQlYy0DqJPBNi.png,#D53155
86,3a9ebf97-444b-4cc1-901f-3f29ffacfe29V1zuQ2xSUDhfLhh7.png,default
87,3c09a4d3-bd4e-44b2-bd2b-910d2d79b4caXCUMYM84dBMRpdKc.png,#cb4154
88,3b107ccb-8cb7-4057-a14e-28423adca35fV5V8-GSBJ45Pcm6s.png,#B45171
89,3ba48e23-0848-4d8f-892a-c74653d71713VhEv_07sU29u8G9a.png,#B45171
90,3c0a8f39-f25b-4a9f-a4ae-98bb5412d0d1WiJ3f1PZaQvWUgAi.png,#B45171
91,3bb10bf2-67bd-43bb-a9ae-c4b2142bb6f8Wkd_WXLQ5Q_5MP7t.png,#DB7093
92,3b54bc90-92b6-42a8-bad8-f2a95062563eU7_wC7wsRE_jT3T6.png,#C86C81
94,3c3d5562-ea7f-4182-bab2-073453a96225U_MgTrwsRHZqlYzw.png,#C86C81
95,3afc26a6-bbc5-4107-a8f3-5d025aae4099V0UvFbwsRBJnIvdY.png,#CB454E
96,3bac5652-8139-441e-b0a4-d4586a6e1789WpIfwHFwZRAJRKv_.png,#C86C81
97,3c1f7c2b-8e0a-4841-a93f-2a2e1c7e8539U-3Zd7kTDBgyZeFu.png,#B45171
98,3c19d4bf-3229-4f83-859c-3646cbd9b635V6SQe7EWpos3xxAK.png,#B72438
99,3b72b2e2-0c83-41a8-845c-1ef874c8ecfbUSUj4FYzZWfT-5-L.png,#C65067
100,3bc7c1ae-65ae-419c-b48b-24bbcb7ab843XMx7nP7_p1Gkr3PO.png,#B45171
101,3b09297d-571f-4570-bb53-ead3fe8cb41bVBCHFtaQwVcLjAey.png,#B72438
102,3be515c3-45fd-4d2c-81dd-c819eaeaeb6bU9CYWLwsRFdIMjEb.png,#B45171
103,3b221f4a-f2ff-44c5-ba14-2cae351e2fabWaRBM9SP3hBLAEAm.png,#C65067
104,3be40083-f584-43ea-bc07-7331caa0d255VCqzfmSBJzPYfjGa.png,default
105,3b848c3a-b03f-4766-9ba2-17c9b116c2c8VK9wXbkTDHach41f.png,#B72438
106,3b359ca4-666f-40f2-839b-b863646e9631WJ81_3Z3SlPmYOsP.png,#B45171
107,3ba38d93-1b48-432a-8857-221a1517c49bVDE1NGSBJyPLBRkc.png,#B45171
108,3abf3632-bd07-4e3f-bc82-46cc0e1f8317Vy9loLwsRBSjeeUu.png,#C65067
109,3abd09bb-8f2c-46ed-9631-37d76c62a40cWihUyT_lmktLyRf5.png,#FF94A7
110,3b17e039-c47c-4ee3-a6e7-da605f2f401fXAofpnQE0UkqDCoK.png,#FF8695
111,3b0062d4-7e25-47a8-9ea7-d7d853a44facVOroprwsRExXJugt.png,#FF8695
112,3c1e3d13-f5be-445e-837f-88002848822eWRAID9FH7GGvykJS.png,#B45171
