,image_name,Up_Lip_Thick,Low_Lip_Thick,L_Lip_Con_Out,R_Lip_Con_Out
0,3a9c9390-d9a2-42fe-b80d-64ccafc03d61U84l2rwsRBQifDiR.png,15.35,-6.71,1.98,1.98
1,3bf11760-56b7-42fd-8151-0777031879e7VokrUA_udjAtJfIz.png,13.92,-8.77,15.7,15.7
2,3aeb398a-f1c1-469e-9867-c4afde25f101WTmfeWEz4T0QeXga.png,8.45,-16.02,43.75,43.75
3,3bf4e71e-f3c6-4122-a7dd-c53d9ae5f53eUrRFtrwsRFoL8cQO.png,3.39,-45.46,103.23,103.23
4,3c401c12-f3c1-49c1-bb4e-d98e974395dfVvy70OX1BkqBOWZB.png,12.2,-12.12,19.84,19.84
5,3c039f67-d3b0-4eac-b55b-2028d2448f53WRxmM7EWpjqOdh4q.png,4.25,-37.86,77.4,77.4
6,3b42c878-e7d5-493a-984b-c1707c1a540bUnYw2bwsRDDnlP4q.png,3.34,-21.59,51.52,51.52
7,3b2c3dc2-54e2-4f1b-bf34-2e5e63dc0e19U8zJ17kTDCo7uvcp.png,1.11,-18.34,65.89,65.89
8,3b014afe-0b58-48bd-ac05-914ba8154388VWL7KBQ1GDoG8j54.png,13.5,-29.32,60.77,60.77
9,3c196c12-e922-4104-8b6a-794143e5f97eUoSJ_rkTDEYaNV7D.png,-5.14,-21.56,43.29,43.29
10,3ba6c0cf-e56a-4bbf-8a12-d139dfe18cfeWBLcCY0jkEkHeLVl.png,9.41,-7.02,28.44,28.44
11,3b0d39c9-3eb3-4fa9-9238-d085dd2a5b6dVtiG0GxSUEvN8tfl.png,14.85,-7.59,47.11,47.11
12,3b280d91-ac67-40ca-bb29-e9b46d0bdb79U8pi07wsRH8E5bSe.png,3.65,-19.7,79.28,79.28
13,3be2ee48-341b-414c-bed2-f477223afb9aVAr1ZdaQwThPgU-b.png,2.58,-44.03,89.5,89.5
14,3ade0bb7-f68e-440c-828a-86ee43a5e3e8VjtiRmxSUB3S72vt.png,2.6,-40.74,101.79,101.79
15,3afe721f-2e3d-4867-b461-28699eaabfd7UUnhInfodDKH2QwI.png,10.31,-19.52,49.1,49.1
16,3c1cafd1-d3fd-4740-bf1a-cdb7c072e229VoJ3tw_udjAwqcKN.png,7.84,-15.09,47.81,47.81
18,3ab5f86c-7d91-49c1-85ac-f2464a3ffbfcVQFTJe1NjnfWA4Xu.png,4.1,-15.45,48.25,48.25
19,3afe01e9-e6be-4338-8f43-0fd7e89d4824VdvySU7sU3zNLeOm.png,14.74,-10.81,11.71,11.71
20,3aa12375-55b6-45e7-88a2-94a1a20f4694V4dpJtFH7Huyn_Nv.png,11.68,-5.9,31.08,31.08
21,3b5d9f0e-6d93-4cbe-b28b-6cd4aba15119UxWuttaQwQaLZhM_.png,9.81,-22.16,41.21,41.21
22,3bad58b1-ca1e-4935-a556-598da2c47302UR0XsCo2N0aSbYkE.png,-10.16,-31.11,61.58,61.58
23,3bb7b4f0-e47b-4b3e-b273-7120810ff558VToahJ3KYn0SZrqW.png,-10.15,-29.77,69.3,69.3
24,3b4fa150-245b-466b-b5e3-ba228ee2021cWBTXvZ3KYndwiy7F.png,2.7,-20.54,63.94,63.94
25,3c26a942-08f9-437f-8545-0e2155128b29We8D-tQbZA_AaNCb.png,-0.95,-22.82,45.08,45.08
26,3bf16027-5a1e-41c7-aef6-07d11b60b4a7WgRhKEDBKxB2pEwq.png,12.23,-41.62,88.4,88.4
27,3afd6c5e-98f2-4198-b01d-396cea09e33dV7Kdo2SBJ3U4iXl6.png,4.81,-63.44,130.54,130.54
28,3b65d8a0-ab47-4fbe-8459-c2e2b1bf2961V5uWsDELxkhqBmnt.png,11.34,-16.32,34.14,34.14
29,3a9dcb78-03d1-4630-80dd-40d3904c66f1U8p9JrkTDCIyej3d.png,8.73,-11.29,25.78,25.78
30,3bd580f9-e367-4384-8518-3a7c2fff6c94VTNbX5krTAgAm2Rc.png,21.98,-7.73,-0.32,-0.32
31,3aec77f1-778c-46bf-8eeb-4dcfdedb4a4eVgepDlONuGT72qg8.png,1.27,-20.58,93.1,93.1
32,3ba71153-8777-498e-beca-efdcf443f3faWGcwQ7q9v_cDAUnC.png,21.1,-5.74,-34.24,-34.24
33,3aadf3ef-ba66-4184-bb96-4cf77af5dd49Uo8YTbkTDFshDeFM.png,7.9,-6.32,50.68,50.68
34,3bb49d9f-828d-4702-ab56-9c7699f89a01UvowybkTDCaFkTGR.png,12.17,-17.3,37.47,37.47
35,3afa7861-1e26-4ddd-8c3c-7c83a99d0dd3VkNWmGxSUGFhh3n1.png,15.88,-3.26,21.07,21.07
36,3c264c45-66ae-4f6f-b956-21cbc02f2080UsZ1krwsRGCmauv8.png,13.36,-29.6,47.44,47.44
37,3b0b4b97-a14a-4d4f-809f-2c30f03cc7f0UynVc7kTDB-2GRtf.png,0.93,-11.85,63.65,63.65
38,3aa31e41-9939-40bd-88cc-fbf86e6acbdeVYVgzBQ1GD85_RFS.png,26.24,-37.91,84.83,84.83
39,3bc738f2-47ca-4edf-84df-e8eaa9e28b94VCgF2WSBJ0p5aJw3.png,5.56,-12.42,47.05,47.05
40,3a9c7d4b-a7fa-4231-b47b-05e6075783ffVXA8gbieoRgEtcLQ.png,8.56,-11.56,54.02,54.02
41,3c3968fd-203d-4396-ae1d-46408eea3d98VsXyXLwsRFYYSgN-.png,14.94,4.38,26.65,26.65
42,3acd4ff9-c9d5-46a1-b6b2-de5807ef327fV34MAmxSUI3SiGg5.png,12.36,-12.05,31.04,31.04
43,3ba99b6d-bf8f-4e9f-9ce2-ed7a009c3d01WdcoxkKdkg_mmevu.png,13.24,-29.05,53.18,53.18
44,3ac34b48-ff35-4f2f-872f-ae2f33ac630fU_t4wtaQwRU9TOCv.png,5.61,-14.8,34.7,34.7
45,3c248124-49ba-4d41-8ab4-0300ded230eeU0PL0taQwRI4Bmnh.png,16.23,-12.42,17.3,17.3
46,3c24725f-24f1-4982-82dc-3234fad4cef7VNzNA7wsRGAwLqhj.png,1.75,-46.69,124.39,124.39
47,3a9d0806-d49d-4542-9ba6-aa25f8f387c1Vi8CAmxSUEr2GssU.png,5.86,-16.88,29.89,29.89
48,3c1bbe47-1234-4b5c-bd04-71d9c5abac5dVOQQgLwsRD5S6LND.png,5.75,-21.62,87.4,87.4
49,3c2efbc7-8562-40a0-a400-b30ac12c0d78WTaUGWEz4T0Qw4e1.png,13.34,-38.44,55.16,55.16
50,3abdb7a6-1329-4072-8b5d-03ecda0c70bfUxL07rkTDHfDM27G.png,0.7,-35.5,66.15,66.15
51,3ac55316-a54f-4118-8a83-261bce3830d0U-rx-rwsRARTS_KA.png,-1.32,-42.5,98.0,98.0
52,3c240fc2-0df6-40bb-aa42-4e8a58e24eb5VeLpzwTnb1HAIjlt.png,16.68,-6.8,17.43,17.43
53,3ad8b4e5-5fbc-4597-9e3b-1cfb1f00386eVjo0RuX1BlZcET7j.png,12.1,-9.68,20.64,20.64
54,3ba8cecd-935e-4a83-b025-5045bc1c5bb9VRfoaBQ1GBtRpRbn.png,1.53,-16.81,57.48,57.48
55,3c03c810-0acb-4f58-a7b2-93a429f5c4e9WUdVgjELxhSc7xVl.png,0.62,-11.37,21.15,21.15
56,3aa69b5c-bb00-4321-aec2-7bcee6e988d5WFJOzNFH7DqvB7ks.png,12.36,-3.53,47.42,47.42
57,3b9f0495-4aae-4882-be8b-9a60b0a32deaV5o--TELxjx7jlbV.png,2.78,-16.68,37.44,37.44
58,3adaa22e-0d6a-46e4-b645-f3d5a3896e33U98w_daQwUFY-zQU.png,5.93,-16.24,84.42,84.42
59,3b79e4b5-14b7-4cd0-bf13-8f1f25dd0f4cVMM9ztaQwVSFOYRv.png,-1.1,-15.4,54.68,54.68
60,3c3a4489-4881-410f-8bcf-36e5927a0ce8U-hS_mSBJ0ex2DDX.png,8.62,-36.21,86.07,86.07
61,3ac53184-4fac-4fc3-be87-8a861bd2389fVtwvLmxSUEvP9j3Z.png,5.47,-8.05,33.34,33.34
62,3c1bd401-df43-40a6-b6de-6ff10e8fe66aVkavwmSBJzXDfTuN.png,4.27,-15.81,44.97,44.97
63,3b4f1d82-642f-4ed6-8eda-1a3715bf27d8U70Kn7wsRAJrC6mb.png,12.94,-29.45,71.74,71.74
64,3be2ba0d-49e3-477f-b095-1f47ca0adb8dWs3St8dBoQ_6bBVT.png,11.11,-13.42,51.37,51.37
65,3ac91554-8000-4c50-8146-6ba50a8bfd5bU8-WVbwsRFdOA378.png,-1.73,-49.03,62.66,62.66
66,3bab1875-75cb-4c6a-9c39-94a355f8f13bWqTu1DxxIV8mY8YK.png,-0.73,-16.43,20.22,20.22
67,3af2cd30-430b-4a5e-81fc-2a7336e89a01Vkbdf4RXrxhWu7m1.png,7.85,-3.18,27.1,27.1
68,3b0aa2b7-0140-4aee-b50b-03956aa56204WN6Dz2SBJ_jWw_ZH.png,3.21,-19.16,59.54,59.54
69,3ab61923-f486-404c-97b5-b46523fa466bVj6z3VONuG0a4Bc8.png,3.76,-10.74,46.39,46.39
70,3c3e1290-6031-4195-b2f6-2e4839ffbb04VfihtlONuBo7b2SS.png,0.96,-14.16,55.3,55.3
71,3a9cee13-dd63-4288-81a1-e880a11a04c0VddHW4RXr2zDgCfP.png,6.07,-35.62,54.36,54.36
72,3b207661-7013-42a8-a071-d5462c3c9188U58Y9bkTDBgADXYh.png,7.68,-29.9,80.29,80.29
73,3c346e72-6ec5-467e-84e0-7e10efb4b57bVB035NaQwQt8CQS0.png,6.6,-8.14,64.76,64.76
74,3b29f9de-3211-483f-ac3e-e2cc29951743VjBa_YRXr2ZgHhSm.png,0.49,-31.59,78.7,78.7
75,3aea9dc1-c920-462a-a0ca-00f344824f15VHtTyLkTDCGId4RS.png,4.08,-8.31,46.86,46.86
76,3c23d8cb-c636-4970-b0bf-ccb827ea19c7WTfZIO758TecHvl7.png,23.29,-3.5,-11.37,-11.37
77,3c13057d-9a33-4ed2-b954-fb510eed7527UzZgxLkTDDJ2nwTz.png,20.05,-17.94,36.47,36.47
78,3c251e24-e0af-471c-a514-28f12263b061VSAYQBQ1GFFiRC5z.png,8.15,-9.22,44.92,44.92
79,3ba2287b-88ab-4cb9-86aa-240f99a94a44UhdrN7wsRDuKNDvy.png,7.01,-18.0,75.73,75.73
80,3ab06171-a948-43ff-ace5-2701782081ddU9sT5mSBJ3ksSn4h.png,25.69,-8.87,54.72,54.72
81,3aed9b08-b0d6-4372-8ada-efcdc5a4b992VHRYrdaQwV3w8WWE.png,5.6,-23.3,45.18,45.18
82,3b463949-4e58-47a4-aacb-bdf2f43a768bU8ZUwdaQwX7n49_W.png,20.14,-5.17,-7.65,-7.65
83,3bf4babb-5b12-4d2c-8ae1-db8a6d0d216cVUGCLO1NjmMGmtGI.png,5.94,-11.64,73.64,73.64
84,3bcc8da3-a43b-4728-83ee-72ccc120f2f1V87GStFH7HZH1QI7.png,14.05,-4.85,43.63,43.63
85,3bbd0552-ca20-4a0b-ad3a-d61d236d2ee0VvZuQlYy0DqJPBNi.png,5.92,4.52,45.91,45.91
86,3a9ebf97-444b-4cc1-901f-3f29ffacfe29V1zuQ2xSUDhfLhh7.png,6.41,-26.5,31.62,31.62
87,3c09a4d3-bd4e-44b2-bd2b-910d2d79b4caXCUMYM84dBMRpdKc.png,-0.43,-17.34,50.93,50.93
88,3b107ccb-8cb7-4057-a14e-28423adca35fV5V8-GSBJ45Pcm6s.png,7.35,-18.83,28.41,28.41
89,3ba48e23-0848-4d8f-892a-c74653d71713VhEv_07sU29u8G9a.png,14.78,-12.89,57.04,57.04
90,3c0a8f39-f25b-4a9f-a4ae-98bb5412d0d1WiJ3f1PZaQvWUgAi.png,2.39,-13.63,44.59,44.59
91,3bb10bf2-67bd-43bb-a9ae-c4b2142bb6f8Wkd_WXLQ5Q_5MP7t.png,-1.57,-14.66,26.82,26.82
92,3b54bc90-92b6-42a8-bad8-f2a95062563eU7_wC7wsRE_jT3T6.png,-14.54,-26.65,53.56,53.56
94,3c3d5562-ea7f-4182-bab2-073453a96225U_MgTrwsRHZqlYzw.png,-12.55,-31.24,79.79,79.79
95,3afc26a6-bbc5-4107-a8f3-5d025aae4099V0UvFbwsRBJnIvdY.png,8.08,-5.96,29.76,29.76
96,3bac5652-8139-441e-b0a4-d4586a6e1789WpIfwHFwZRAJRKv_.png,10.13,-6.79,38.14,38.14
97,3c1f7c2b-8e0a-4841-a93f-2a2e1c7e8539U-3Zd7kTDBgyZeFu.png,11.77,-11.3,22.05,22.05
98,3c19d4bf-3229-4f83-859c-3646cbd9b635V6SQe7EWpos3xxAK.png,-5.16,-13.14,56.95,56.95
99,3b72b2e2-0c83-41a8-845c-1ef874c8ecfbUSUj4FYzZWfT-5-L.png,2.99,-37.31,74.31,74.31
100,3bc7c1ae-65ae-419c-b48b-24bbcb7ab843XMx7nP7_p1Gkr3PO.png,-1.28,-26.92,50.68,50.68
101,3b09297d-571f-4570-bb53-ead3fe8cb41bVBCHFtaQwVcLjAey.png,-0.38,-60.22,133.18,133.18
102,3be515c3-45fd-4d2c-81dd-c819eaeaeb6bU9CYWLwsRFdIMjEb.png,3.02,-41.9,84.25,84.25
103,3b221f4a-f2ff-44c5-ba14-2cae351e2fabWaRBM9SP3hBLAEAm.png,33.0,7.51,-41.46,-41.46
104,3be40083-f584-43ea-bc07-7331caa0d255VCqzfmSBJzPYfjGa.png,2.91,-22.88,91.89,91.89
105,3b848c3a-b03f-4766-9ba2-17c9b116c2c8VK9wXbkTDHach41f.png,12.91,-15.51,73.41,73.41
106,3b359ca4-666f-40f2-839b-b863646e9631WJ81_3Z3SlPmYOsP.png,-3.3,-51.26,114.07,114.07
107,3ba38d93-1b48-432a-8857-221a1517c49bVDE1NGSBJyPLBRkc.png,12.58,-14.21,17.81,17.81
108,3abf3632-bd07-4e3f-bc82-46cc0e1f8317Vy9loLwsRBSjeeUu.png,12.78,-35.46,83.8,83.8
109,3abd09bb-8f2c-46ed-9631-37d76c62a40cWihUyT_lmktLyRf5.png,-3.03,-11.21,57.49,57.49
110,3b17e039-c47c-4ee3-a6e7-da605f2f401fXAofpnQE0UkqDCoK.png,-2.78,-12.99,30.24,30.24
111,3b0062d4-7e25-47a8-9ea7-d7d853a44facVOroprwsRExXJugt.png,3.84,-14.57,44.6,44.6
112,3c1e3d13-f5be-445e-837f-88002848822eWRAID9FH7GGvykJS.png,5.09,-30.8,72.13,72.13
